index,attendance_mandatory,clarity_rating,class,comment,created_by_user,date,difficulty_rating,grade,helpful_rating,is_for_credit,is_for_online_class,quality_rating,rating_tags,textbook_use,thumbs_down_total,thumbs_up_total,would_take_again,pid
0,non mandatory,3.0,PHY319,"Intense and brilliant man also very entertaining especially when he starts ranting. Text book was only assigned so he could mock the mistakes. Be prepared to be insulted, a lot.  He is geeky hot (nice shoulders) and has an incredibly hot boyfriend, so you are occasionally treated to some extra eye candy when he stops by at the end of class.",False,2017-03-14 11:01:32,5.0,B+,3.0,False,False,3.0,Tough Grader--SO MANY PAPERS--LECTURE HEAVY,5.0,0,1,1.0,1178693
1,N,1.0,PHYSICS101,"So, I'm not even sure how I got in that class cause I was majoring in animal sciences, but wow, that mans voice. It was my favorite nap time of the day listening to him talk (and yell) for an hour a day. 10/10 would recommend.",False,2014-08-04 15:00:01,5.0,Incomplete,2.0,False,False,2.0,,1.0,2,1,,1178693
2,,4.0,ASTRO116,"Overall he did a good job when I took his class (except when he was trying to explain the Meredith connection, and then he kept bragging about some Air Force stuff that wasn't in the syllabus...)",False,2011-12-09 16:35:37,2.0,,4.0,False,False,4.0,,4.0,0,1,,1178693
3,,3.0,AY229,I don't know how he gets off teaching these classes. His sarcasm in the extragalactic seminar is uncalled for. But I respect his brilliance.,False,2011-12-07 18:12:06,3.0,,3.0,False,False,3.0,,3.0,2,1,,1178693
4,,5.0,ASTR0001,Rodney's car has horrible suspension and automatic transmission.,False,2011-12-07 16:35:54,1.0,,5.0,False,False,5.0,,4.0,1,1,,1178693
5,,4.0,ATLDD56,"Alright, so maybe I was a little distracted in his classes... but really, a lot of his stuff goes way over everyone's heads, though you can tell he's a genius. Will probably give you the tongue lashing of your life if you're late - says textbooks are &quot;moronic and written for babies&quot;. His hot boyfriend comes around a lot too! Worth it!",False,2011-03-17 05:57:33,5.0,,4.0,False,False,4.0,,2.0,0,1,,1178693
6,,1.0,ATLANTIS,"He's either way over my head or he dumbs it down so much that I've come close to hitting him several times. Having the text book nearby would be too much of a temptation to throw it at his head. Despite this, you can't argue with his results. Much.",False,2010-11-26 20:55:27,2.0,,3.0,False,False,2.0,,1.0,0,0,,1178693
7,,3.0,PHYS101,I adored this class.  He was hard but I learned a lot.,False,2010-11-24 00:28:51,5.0,,4.0,False,False,4.0,,3.0,0,2,,1178693
8,,4.0,PHYS101,"Whoa. Absolutely brilliant and horribly abrasive, but totally worth it. But then, I am a masochist anyway.",False,2010-06-28 18:06:38,5.0,,2.0,False,False,3.0,,1.0,0,0,,1178693
9,,3.0,ASPH302,"Very hard class but worth it. McKay is loud and abrasive but also scary smart and GEEKY-HOT. He's demanding and expects you to actually think. It's my belief he only assigned the text book so he could mock it, but his insults can be both cutting and amusing. Definitely not a class for the faint of heart. You will learn...not to ask stupid questions",False,2010-06-19 22:08:58,5.0,,3.0,False,False,3.0,,1.0,0,1,,1178693
10,,1.0,PHYS101,"TERRIFYING. Also, this is supposed to be a 101 class. Kept going on about wormholes&#63; WHAT&#63; Brilliant, but really, intensely frightening & I ended up dropping. That said I still don't know what 90% of the words coming out of his mouth were, but I have the funny impression that they were important.",False,2010-06-04 02:55:48,5.0,,3.0,False,False,2.0,,1.0,0,0,,1178693
11,,3.0,PHYS4002,He is brilliant but terrifying!!  I never missed a class! Hardest class I've ever taken.,False,2010-05-29 01:06:55,4.0,,2.0,False,False,3.0,,2.0,0,0,,1178693
12,,2.0,ASTR4580,Only assigned textbooks to lecture about what was wrong about them.,False,2010-05-04 20:12:19,5.0,,1.0,False,False,2.0,,5.0,0,0,,1178693
13,,1.0,ASPH201,"I have learned a great deal about who and what is wrong in astrophysics. I truly don't understand what is right about it, though.",False,2010-04-12 12:17:49,5.0,,1.0,False,False,1.0,,1.0,0,0,,1178693
14,,3.0,PHYS101,This guys.. pretty weird. He talks on about wormholes and gatestars like they actually exist which was kinda odd. Pretty hot though.,False,2010-04-11 03:53:22,5.0,,3.0,False,False,3.0,,2.0,0,0,,1178693
15,,1.0,PHY101,I Will NEVER ENJOY Astrophysics AGAIN and i'm switching my major to ENGLISH! Take that RODNEY MCKAY!!!!!,False,2010-04-10 11:10:33,5.0,,2.0,False,False,2.0,,1.0,0,0,,1178693
16,,5.0,AST104,"Spent a lot of time talking about wormhole physics and deep space telemetry which is awesome, except the class was supposed to be &quot;Intro to Astronomy for Non Science Majors&quot;. I just pretended he was talking about Star Trek.",False,2010-04-07 11:24:09,5.0,,4.0,False,False,5.0,,3.0,0,0,,1178693
17,,2.0,PHY319,"Most traumatic academic experience of my life. If it weren't a 300-Level class, I'd swear it was a freshmen-weeder.  Only reason I passed was the TA, who handled all of Dr. McKay's office hours and could double as a shrink.  Talk to the TA before taking one of McKay's classes, but you'll definitely learn from the experience.",False,2010-04-07 06:17:50,5.0,,2.0,False,False,2.0,,1.0,0,0,,1178693
18,,3.0,PHYS401,Physics was my world. Now my shrink's office is my refuge.,False,2010-04-03 23:56:46,5.0,,3.0,False,False,3.0,,1.0,0,0,,1178693
19,,2.0,PHYS601,He's more interested in proving how smart he is than actually teaching.  Only take this class if you absolutely must.,False,2010-04-03 15:56:05,5.0,,1.0,False,False,2.0,,1.0,0,0,,1178693
20,,2.0,PHY101,"Hot, smart, mean",False,2010-04-03 09:02:32,5.0,,1.0,False,False,2.0,,1.0,0,0,,1178693
21,,1.0,AY127,"I HATED HIM. He CAN teach; I did learn the material. And he's entertaining when he's insulting his colleagues or TA or the dude next to you, but sooner or later he'll get to you, and if that doesn't make you cry the tests will. And I went to office hours to clarify a reading and he basically said I was inferior to turnips, evolutionarily speaking.",False,2010-04-02 13:46:52,5.0,,1.0,False,False,1.0,,1.0,0,0,,1178693
22,,4.0,ATLA1,"Genius that will put shivers down your spine, incredibly sharp tongued, but I learned a lot. Also exceedingly hot. Never knew being yelled at was a kink before.",False,2010-04-02 11:44:09,5.0,,5.0,False,False,5.0,,1.0,0,0,,1178693
23,,4.0,PHY5500,"My one complaint is that Dr McKay didn't use the textbook he had assigned at all.  In fact, I think that he only assigned it so that he could lambaste it throughout the course.  His lectures themselves come entirely from him, and the man is a genius if a little unskilled at fully getting his point across. Try to get him one-on-one. It's worth it!",False,2010-04-02 10:29:55,4.0,,4.0,False,False,4.0,,1.0,0,0,,1178693
24,,5.0,PHYAS424,"I don't think I'll ever work this hard for a B- again--because I'll never take 1 of his classes again!  But, I'm thinking of changing majors (there's a colonel of truth there somewhere)....",False,2010-02-15 21:27:59,5.0,,2.0,False,False,4.0,,1.0,0,0,,1178693
25,,2.0,PH173,He made my study partner cry.  Three different times.,False,2009-05-03 01:19:25,5.0,,1.0,False,False,2.0,,1.0,0,0,,1178693
26,,3.0,PHY500,"Beast of a man. Can't say I was crazy about having to devote my weekends to learning jillions of equations, but I *did* learn.",False,2008-12-03 21:58:50,5.0,,2.0,False,False,3.0,,4.0,0,0,,1178693
27,,3.0,PHYS001,"He's a genius, and has no problem letting everyone know. But he's pretty fantastic. And really hot.",False,2008-10-30 01:47:55,4.0,,3.0,False,False,3.0,,5.0,0,0,,1178693
28,,3.0,PHYS1200,"Extremely sarcastic, kind of mean. Not hard on the eyes (especially when he had his back to the class).",False,2008-09-20 20:44:42,4.0,,4.0,False,False,4.0,,4.0,0,0,,1178693
29,,1.0,PHY402,"I could hardly understand a word he said, due to his thick Canadian accent.",False,2008-09-19 21:37:22,5.0,,2.0,False,False,2.0,,1.0,0,0,,1178693
30,,3.0,PHY401,"Brilliant, but acerbic.",False,2008-09-19 21:33:25,5.0,,3.0,False,False,3.0,,1.0,0,0,,1178693
31,,5.0,PHYS400,Little on the acerbic side but knows what he's talking about.,False,2008-09-19 16:44:02,4.0,,3.0,False,False,4.0,,2.0,0,0,,1178693
32,,4.0,PHY401,It took me two weeks to emotionally recover from his midterm.,False,2008-09-19 16:38:10,5.0,,2.0,False,False,3.0,,1.0,0,0,,1178693
33,,4.0,PHYSCC,I hear most scientific journals don't even peer review his work because he's such a genius. I'd trust him to the ends of the earth.  I just wouldn't give him a children's show.,False,2008-09-15 23:51:23,5.0,,3.0,False,False,4.0,,1.0,0,0,,1178693
34,,2.0,PHYSCC,"He's very hard on his TAs. He told me &quot;if I wanted you just to grade papers and photocopy, I could train a monkey or build a robot out of spare toaster parts&quot;.",False,2008-09-15 21:00:53,5.0,,3.0,False,False,3.0,,2.0,0,0,,1178693
35,,1.0,PHYS401,Half the class burst into tears during one of his exams.  I think he's going to turn his T.A. into a cutter.,False,2008-09-15 15:28:55,5.0,,2.0,False,False,2.0,,1.0,0,0,,1178693
36,,1.0,PHYSICSPHD,"Does Einstein's theory explain why time flies when you're having fun, but when you're listening to Dr. Cooper, it falls out of the sky dead?",False,2025-01-22 06:34:04,5.0,,1.0,False,False,1.0,Hilarious--So many papers--Lecture heavy,,0,0,,1538116
37,mandatory,4.0,PHYSICSPHD,What a privilege it was to learn from a Nobel Prize winner. I just wish Dr. Cooper didn't mention it like virtually every class. ,False,2023-03-29 03:16:26,5.0,B-,4.0,True,False,4.0,,3.0,0,0,1.0,1538116
38,mandatory,5.0,PHY385,"A big fan of Nobel Laureate Dr. Sheldon Cooper. As a student, as someone who knew him for more than 12 years both his professional and personal side. I can say this for sure, he is a gem of a person. One of the greatest minds of the 21st century. He is Incomparable,He might be quirky at times but I promise he's not crazy, his mother had him tested.",False,2020-09-16 17:50:53,5.0,A+,5.0,True,False,5.0,Test heavy--Beware of pop quizzes--Tough grader,5.0,0,0,1.0,1538116
39,non mandatory,5.0,PH79,"Dr. Cooper is easily the most brilliant man I've ever met. While this has definitely gotten into his head, he loves his subject and understands it on a level that few others do. He's very clear in his expectations, and won't abandon you since he can't just drive away. He also taught me how to play bongos and some Tuvan throat singing!",False,2019-03-21 20:29:57,5.0,C-,5.0,True,False,5.0,Test heavy--Amazing lectures--Tough grader,5.0,0,1,1.0,1538116
40,mandatory,2.0,FIZ400,"Knows his stuff, no doubt about that, but is easily sidetracked . For example, Dr. Cooper launched into a lengthy discussion about flags during one class which was supposed to be about string theory. Huh? And don't even get him started about Will Wheaton or engineers. He'll go off on a tirade and then assign extra homework just to vent his spleen.",False,2018-05-09 12:21:03,5.0,C+,2.0,True,False,2.0,Get ready to read--GRADED BY FEW THINGS,5.0,0,14,0.0,1538116
41,,5.0,PHY484,"The subject is very tough, but he is an awesome guy and he tells crazy stories about his Mother in Texas .",False,2017-05-26 01:24:25,5.0,,5.0,True,False,5.0,Amazing lectures,0.0,0,6,1.0,1538116
42,mandatory,3.0,PHY484,"Lectures are long! Homework is very difficult, but you will learn. Take this class seriously and you'll pass. Not recommended unless you're pursuing a PhD in Physics. On a higher note, he's really cute so you'll have something to look at while he rambles on during lectures.",False,2016-06-05 18:23:33,5.0,B,3.0,True,False,3.0,,5.0,0,7,1.0,1538116
43,mandatory,5.0,PHY484,"Dr. Cooper is knows his stuff, no doubt, but the TA Amy Fowler grades unbelievably harsh! No partial credit at all on exams, especially if you make a simple multiplication mistake like my friend. ",False,2015-12-11 10:46:30,5.0,B-,3.0,True,False,4.0,,5.0,4,12,,1538116
44,mandatory,3.0,PHY484,Dr. Cooper is an interesting guy. Take his physics class.,False,2015-11-22 19:26:15,3.0,A+,3.0,True,False,3.0,,3.0,2,5,,1538116
45,mandatory,2.0,2003,He gifted,False,2015-09-08 00:32:09,4.0,A-,3.0,True,True,3.0,,4.0,0,4,,1538116
46,mandatory,3.0,PHY484,"Dr. Cooper is a very interesting. Very passionate about physics but not known for being passionate about teaching. Lectures are long and if you don't understand what he's talking about there is a chance you'll be openly mocked. The plus side, he's pretty hot! I sat in on a lecture a few years ago and it looks like he's buffed up a bit since. ",False,2015-08-13 20:12:03,4.0,A,1.0,True,False,2.0,,1.0,1,6,,1538116
47,,2.0,PHY484,Dr. Cooper is a unique professor.,False,2015-05-27 04:51:14,4.0,,2.0,True,False,2.0,,3.0,0,4,,1538116
48,,2.0,PHY484,Dr. Cooper is a unique professor. He likes to go off on tangents but he has a lot of interesting things to say.,False,2015-05-27 04:50:15,4.0,,2.0,True,False,2.0,,3.0,0,2,,1538116
49,,5.0,PHY484,Great guy to have for a tough class. Interesting person indeed,False,2015-05-04 08:36:56,1.0,,5.0,True,False,5.0,,5.0,0,2,,1538116
50,,5.0,PHY484,Easiest class I ever took cuz we share the same views on the laws of physics.,False,2015-05-03 01:48:41,1.0,,5.0,True,False,5.0,,1.0,4,3,,1538116
51,,2.0,PHY484,Funny teacher. Good class,False,2015-04-19 02:40:38,4.0,,2.0,True,False,2.0,,1.0,0,1,,1538116
52,mandatory,5.0,PHYS484,Are you guys serious?!,False,2015-03-03 21:57:57,1.0,A+,5.0,True,False,5.0,,5.0,0,24,,1538116
53,mandatory,3.0,PHYS484,"I enjoyed Dr. Cooper's class, I really enjoyed reading his paper reconciling the black hole information paradox with his theory of string-network condensates, it down right took my breath away. when he publishes it, he should include an inhaler.",False,2014-12-28 22:38:36,3.0,A-,3.0,True,False,3.0,,5.0,0,17,,1538116
54,mandatory,1.0,1215,"I saw him on the Big Bang Theory and he was so boring as a teacher. But, if Sheldon gets comfortable with his students then he has the potential to be the best teacher ever! Go Mr. Cooper!",False,2014-12-11 12:41:37,5.0,Audit/No Grade,1.0,True,False,1.0,,1.0,9,2,,1538116
55,,1.0,PHYS590,"Brought in fig newtons for the first lecture but said we could only have some if we new the name of the scientist the cookie was named after, someone said Isaac Newton and he proceeded to say that was WRONG and threw them away. Tests are unbelievably hard.",False,2014-09-27 21:32:06,5.0,,1.0,True,False,1.0,,1.0,0,43,,1538116
56,,2.0,PHYS496,"He was funny, but the tests were TOUGH.",False,2014-09-26 02:12:25,5.0,,2.0,True,False,2.0,,2.0,0,13,,1538116
57,,1.0,PHY385,"I don't see why everyone says he's such a difficult professor.  I found his class to be stunningly pedestrian.  I feel as if I could have taught this class myself, and done a better job than this guy.    At least his jokes were funny.",False,2014-09-26 00:45:25,1.0,,1.0,True,False,1.0,,1.0,3,2,,1538116
58,Y,2.0,PHY484,"Dr. Cooper is definitely not teacher material. However, he is very passionate about Physics. If you don't have an extensive background in particle Physics you will not be able to follow anything he says. He talks a lot!!! He isn't bad to look at though, which is definitely a plus! Staring at him was the best part of the class.",False,2014-09-11 12:18:44,5.0,,2.0,False,False,2.0,,1.0,0,8,,1538116
59,Y,3.0,PHY484,He made it hard on purpose!,False,2014-09-10 19:06:12,5.0,,3.0,False,False,3.0,,3.0,0,10,,1538116
60,Y,4.0,PHYSICSPHD,Dr. Cooper has taken a relatively boring subject and managed t o make it completely insufferable. Plus he looks like a giant insect.,False,2014-01-28 00:34:45,5.0,,2.0,False,False,3.0,,1.0,3,38,,1538116
61,Y,5.0,PHY484,Very intelligent and empathetic person. Explains concepts slowly and clearly. Helps those who show difficultly grasping the abstract components of the material. Kind person and very flexible grader. Definitely a must take!,False,2013-10-16 14:42:57,1.0,,5.0,False,False,5.0,,5.0,8,3,,1538116
62,,1.0,MA151,"Prof. Cooper makes a difficult math core even tougher. Didnt understand anything he said. Made someone called ""Leonard"" take his office hours so he was practically unreachable. Kept tweeting sarcastic comments about his students in class. Exam was absurdly difficult and had a bonus question on flags (???????). No textbook used. Not Recommended.",False,2013-03-22 14:53:28,5.0,,1.0,False,False,1.0,,2.0,1,20,,1538116
63,,2.0,PHY484,"Did not learn a thing from this class as I could not keep up anything that he said, so I couldn't take proper notes. He answered all my questions though, but in a hard to follow manner. If you are going to take this class make sure to bring a recorder with you. He doesn't use any textbooks and all the exams are from what he said in class.",False,2012-08-15 20:55:54,5.0,,1.0,False,False,2.0,,1.0,0,0,,1538116
64,,2.0,PHYANY,"Professor Cooper is very tough to follow in his lectures.  He tends to go off on tangents in his own little astrological universe to where not even Albert Einstein can understand him.  However, he was helpful outside the classroom but not much.  Sadly, he does tend to be sarcastic and very odd.",False,2012-07-28 18:24:18,5.0,,2.0,False,False,2.0,,1.0,1,2,,1538116
65,,1.0,PH79,Very tough to get a good grade in Dr. Cooper's class. It can be done though. No book was used.,False,2012-07-01 08:35:41,5.0,,1.0,False,False,1.0,,1.0,0,0,,1538116
66,,3.0,PHY484,"Knows the material well.  Talks in a condescending manner, and truly acts like he is smarter than everyone in the universe.  Don't buy the book, he spends a significant amount of time berating the authors.",False,2012-05-07 16:16:29,5.0,,2.0,False,False,3.0,,1.0,1,21,,1538116
67,non mandatory,5.0,CH1A,Great Professor! I took the last Ch1a class he taught. ,False,2023-10-21 01:08:18,2.0,A,5.0,True,False,5.0,,3.0,0,0,1.0,349680
68,non mandatory,5.0,CH1,Basic chemistry but taught to a class of enlightened students ... it's been years since I had that class and I still remember one or two things.,False,2021-03-27 13:34:39,3.0,A+,5.0,True,False,5.0,Lots of homework--Inspirational,5.0,0,0,1.0,349680
69,,5.0,CH1A,Nate Lewis is awesome. Enough said.,False,2012-03-07 01:26:30,2.0,,5.0,False,False,5.0,,5.0,0,0,,349680
70,,5.0,CHONE12,NATE THE GREAT!,False,2012-03-07 01:20:50,3.0,,5.0,False,False,5.0,,3.0,0,0,,349680
71,,5.0,CHA2,"The sets are kinda bad, but Nate Lewis is awesome!",False,2012-03-07 01:04:28,2.0,,5.0,False,False,5.0,,5.0,0,0,,349680
72,,5.0,CHA11,Follow the NateFold Path!!,False,2012-03-07 01:01:40,2.0,,5.0,False,False,5.0,,5.0,1,1,,349680
73,,5.0,CHA06,Explains things well.,False,2012-03-07 01:00:39,1.0,,5.0,False,False,5.0,,5.0,0,0,,349680
74,,5.0,CHA1,Such a cool professor. I really enjoyed this class.,False,2012-03-07 01:00:25,2.0,,5.0,False,False,5.0,,5.0,0,0,,349680
75,,5.0,CHA12,"Nate Lewis is hilarious and wonderful. His explanations of concepts are fraught with awesomeness, and the Harry Gray textbook he uses is the best, clearest book ever. The lectures for this course are definitely the best part. All hail Nate Lewis! :)",False,2012-03-07 00:59:15,2.0,,5.0,False,False,5.0,,5.0,0,0,,349680
76,,5.0,CHA2,Nate Lewis really cares about the course and is an awesome prof. He also has a great sense of humor. All hail Nate Lewis!,False,2012-03-07 00:58:12,2.0,,5.0,False,False,5.0,,5.0,0,0,,349680
77,,5.0,CHA06,Knows his stuff.,False,2012-03-07 00:58:00,2.0,,5.0,False,False,5.0,,5.0,0,0,,349680
78,,5.0,CHA11,All Hail!!,False,2012-03-07 00:57:41,2.0,,5.0,False,False,5.0,,5.0,0,0,,349680
79,,5.0,CH1,"Among the 3 best teaching prof I had in my 4 years in caltech. Full of passion and helped me connecting chemistry and physics thru the quantum mechanics results, which made both subjects much more interesting for me. I would not like to miss any lecture!",False,2010-03-24 18:41:22,1.0,,5.0,False,False,5.0,,4.0,0,2,,349680
80,,2.0,CHEM1,"Meh. The lectures were not very interesting and I only went for the Chemistry in Context anyways, only to realize later that it wasn't necessary at all. Also, the sections weren't really good because the TA rarely knew what he was doing and often gave us wrong answers in section. Other than that, it was pretty easy.",False,2007-03-05 05:41:59,2.0,,2.0,False,False,2.0,,2.0,0,0,,349680
81,,1.0,CH1,"While Nate Lewis is an average lecturer, he only gives Ch 1 the minimal accepted level of quality. Be warned to avoid him outside of the classroom as he is an arrogant a**. He may be very smart but he is very difficult to talk to unless you agree with his every word. Avoid!",False,2006-10-06 04:11:08,4.0,,1.0,False,False,1.0,,2.0,1,0,,349680
82,,3.0,CHEM117,"Has little interest in actually teaching, everything is just canned.  Most years he just shows a video tape of him lecturing.",False,2006-04-24 18:49:44,3.0,,2.0,False,False,3.0,,,0,0,,349680
83,Y,5.0,CH1A,Lewis has this class down to an art. He speaks loudly and clearly and knows what to say from what must be decades of experience teaching this course. The best part is the weekly ombuds meetings at the Ath - sit in front and pay attention if you want to go.,False,2005-07-27 19:56:28,2.0,,5.0,False,False,5.0,,,1,0,,349680
84,,4.0,CH1A,Interesting lectures.  Overly sarcastic sense of humor.  Good sport for the fun we poke at him.,False,2004-11-28 20:17:01,3.0,,3.0,False,False,4.0,,,0,0,,349680
85,,1.0,CH1A,boring,False,2004-11-28 19:56:50,1.0,,1.0,False,False,1.0,,,0,0,,349680
86,,5.0,CHAPH2,"Nate Lewis is better in Ch 2 than in Ch 1. HW was very easy, as befitting a Menu course; made up for the terrible sets in nuclear physics. The most interesting of the three lecturers; won't bore you to sleep.",False,2004-09-06 00:40:05,2.0,,4.0,False,False,5.0,,,0,0,,349680
87,,2.0,APHCH2,DON'T TAKE THIS CLASS!  If you are not a Geo major take Ge1 without a doubt.  If you might be a Geo major (slacker!) take anything other than this class.  I've heard good things about Ay1.,False,2004-03-16 21:02:44,5.0,,1.0,False,False,2.0,,,0,0,,349680
88,,4.0,CH1A,This prof takes the student teacher interaction to a whole new level.....,False,2004-02-05 23:00:38,3.0,,2.0,False,False,3.0,,,0,0,,349680
89,,5.0,BI150,amazing prof,False,2012-04-06 22:49:45,3.0,,5.0,False,False,5.0,,5.0,0,0,,90542
90,,5.0,CNS150,Lester is an amazing and caring educator. He makes an effort to know the names of all of the students in his class. He constantly tries to improve the quality of his lectures. He goes over the material that is covered in the book- but goes above and beyond and tries to show students to current research in the area. Great educator!,False,2011-11-08 19:25:53,4.0,,5.0,False,False,5.0,,4.0,0,0,,90542
91,,3.0,BI1,No Comments,False,2006-10-06 04:14:09,2.0,,4.0,False,False,4.0,,2.0,1,0,,90542
92,,5.0,BI1,"Extremely interested in the students, tries to make the material accessible and interesting.",False,2005-05-12 18:42:36,3.0,,5.0,False,False,5.0,,,0,0,,90542
93,,1.0,BI1,You have to take the class anyway.  So who really cares&#63;,False,2004-03-16 20:59:30,3.0,,1.0,False,False,1.0,,,2,0,,90542
94,,3.0,BI1,"He teaches this bio class that's required for all majors; this class sucks a whole lot.  Also, he wears these really unflattering short shorts, socks with sandals, and a fleece vest - TO LECTURE.",False,2004-02-05 22:52:34,2.0,,3.0,False,False,3.0,,,1,0,,90542
95,,4.0,BI1,"Extremely well organized, and usually coherent, except that the class is pretty much useless.",False,2003-12-20 00:02:39,3.0,,3.0,False,False,4.0,,,0,0,,90542
96,,1.0,BI1,"Nice enough guy, but don't expect to learn any biology in Bi 1. It's not a biology course, it's a course on how to give 28 lectures without saying anything meaningful.",False,2003-04-08 01:35:10,2.0,,4.0,False,False,3.0,,,1,0,,90542
97,,2.0,BI1,No Comments,False,2003-04-02 21:55:16,5.0,,2.0,False,False,2.0,,,1,0,,90542
98,,3.0,BI1,No Comments,False,2003-02-22 07:15:08,4.0,,2.0,False,False,3.0,,,1,0,,90542
99,,4.0,BI1,One of the most dedicated profs on the staff,False,2003-02-18 19:43:54,3.0,,5.0,False,False,5.0,,,0,0,,90542
100,,3.0,BI1,No Comments,False,2003-02-17 20:18:09,2.0,,5.0,False,False,4.0,,,0,0,,90542
101,,1.0,NEURO02,Lester the ****! Stay away from this dude!,False,2002-12-02 18:15:04,5.0,,1.0,False,False,1.0,,,1,0,,90542
102,non mandatory,5.0,EE44,Great class. Learned more in this class than my Math and Phys classes I was taking in parallel.,False,2024-01-13 00:16:08,4.0,A-,5.0,True,False,5.0,Amazing lectures --Inspirational--Caring,3.0,0,0,1.0,476502
103,non mandatory,5.0,EE114,Great class.,False,2021-08-26 23:31:58,4.0,A,5.0,True,False,5.0,Respected--Inspirational--Amazing lectures,0.0,0,1,1.0,476502
104,non mandatory,4.0,EE44,Very interesting lectures with a lot of useful information in them. Highly knowledgeable lecturer who can connect many different subjects to each other. Really cares about the students.,False,2018-03-27 10:15:58,4.0,A-,4.0,True,False,4.0,Respected--Inspirational--Amazing lectures,5.0,0,11,1.0,476502
105,mandatory,5.0,EE114,Excellent,False,2018-02-03 13:32:34,3.0,A+,5.0,True,False,5.0,,5.0,0,8,1.0,476502
106,mandatory,5.0,EE44,Great teacher. I learned a lot in this class and it helped me with other classes too. Lots of work but you learn a lot. Amazing lectures.,False,2017-07-05 12:17:38,4.0,A-,5.0,True,False,5.0,Inspirational--Amazing lectures--Caring,5.0,0,4,1.0,476502
107,N,5.0,EE114,Great class. Very thorough. It focuses on understanding the fundamentals as opposed to catalogs of circuits.,False,2013-10-30 23:53:37,2.0,A,5.0,False,False,5.0,,5.0,1,6,,476502
108,,5.0,EE44,Explains concepts very well in class,False,2012-03-18 02:12:05,4.0,,4.0,False,False,5.0,,3.0,0,4,,476502
109,,5.0,EE114,"Great class, great instructor. This was my most favorite class at Caltech and most useful too. He is extremely engaging and the lectures a very insightful and informative.",False,2010-12-04 12:11:12,4.0,,5.0,False,False,5.0,,2.0,0,2,,476502
110,,3.0,EE114,"Prof Hajimiri's homeworks are poorly designed. From what I've heard, his lectures have improved over the years.  He is very smart but seems quite obnoxious at times.",False,2007-11-07 03:50:22,5.0,,2.0,False,False,3.0,,1.0,8,1,,476502
111,,1.0,EE114,doesn't understand fundamentals.,False,2007-10-04 16:36:21,1.0,,1.0,False,False,1.0,,2.0,14,0,,476502
112,,5.0,EE114,Best   Prof   Ever,False,2006-10-12 23:20:05,4.0,,5.0,False,False,5.0,,4.0,0,5,,476502
113,N,5.0,EE114,Extremely well taught class!,False,2005-07-18 18:31:12,4.0,A+,5.0,False,False,5.0,,,0,4,,476502
114,,5.0,EE114,No Comments,False,2004-10-21 16:27:44,3.0,,5.0,False,False,5.0,,,0,5,,476502
115,non mandatory,5.0,CS156,"One of a kind. No need to attend his classes in person to notice how talented he is as a professor. He is able to explain complex concepts in a natural and clear way, formulating sensible and intuitive examples when necessary. Thank you, Yaser, for inspiring people like me to continue learning and for restoring my faith in good teaching. Daniel",False,2017-12-17 13:30:23,4.0,,5.0,False,True,5.0,Inspirational--Hilarious--Amazing lectures,0.0,0,1,1.0,174347
116,,5.0,CS1156X,Clear explanations for complex concepts,False,2017-10-23 05:21:41,4.0,Not sure yet,5.0,False,True,5.0,Amazing lectures--LECTURE HEAVY,5.0,0,1,1.0,174347
117,non mandatory,5.0,CS1156X,I currently attend his online course and his teaching style is great. 7/5 would learn again,False,2016-10-08 06:20:23,3.0,Incomplete,5.0,False,False,5.0,Respected--Inspirational--Amazing lectures,0.0,0,1,1.0,174347
118,,5.0,CS1156X,"Great teacher! Lectures was amazing, all topics was very well explained. Some tests was tough but force you to think and deeply understand subject.",False,2015-02-02 11:13:49,4.0,,5.0,True,True,5.0,,3.0,0,0,,174347
119,,5.0,CS156A,Best class and best professor at Caltech.,False,2014-10-21 00:01:29,3.0,,5.0,True,False,5.0,,4.0,0,0,,174347
120,N,5.0,CS1156X,Amazing Professor. Very Enthusiastic about teaching.,False,2014-06-02 13:14:49,4.0,,5.0,False,True,5.0,,2.0,0,0,,174347
121,Y,5.0,CS156,"Probably the best professor I have ever had. Very passionate about teaching, and very good at explaining.",False,2014-03-26 11:56:58,4.0,,5.0,False,False,5.0,,4.0,0,0,,174347
122,,4.0,CNS156A,I found the class really interesting.,False,2008-08-15 23:49:26,4.0,,5.0,False,False,5.0,,4.0,0,0,,174347
123,,5.0,LEARNINGSYSTEM,No Comments,False,2005-10-17 10:47:18,4.0,,5.0,False,False,5.0,,,0,0,,174347
124,,5.0,CNS156A,Made Learning Systems very intuitive and approachable.,False,2003-03-28 07:43:48,3.0,,5.0,False,False,5.0,,,0,0,,174347
125,N,5.0,ACM95A,What an impressive and excellent lecture. But the class is rather tough.,False,2013-10-10 14:40:55,4.0,B,4.0,False,False,5.0,,3.0,0,0,,174350
126,,5.0,ACM95,One of the best lecturers I had at Tech.,False,2011-10-04 15:59:43,2.0,,5.0,False,False,5.0,,3.0,0,0,,174350
127,,5.0,ACM95,"Great prof! His teaching was impressive and outstanding! He greatly interested me in complex analysis and differential equations, even though the material isn't very easy.",False,2010-03-24 18:36:22,2.0,,5.0,False,False,5.0,,4.0,0,0,,174350
128,,5.0,AMC95,One of the best.,False,2006-10-21 00:06:49,3.0,,5.0,False,False,5.0,,3.0,0,0,,174350
129,,5.0,ACM95,Nile made an otherwise incomprehensible subject approachable.,False,2006-03-21 14:56:32,4.0,,4.0,False,False,5.0,,,0,0,,174350
130,,5.0,ACM95AB,"NILES IS THE BESTEST! His teaching is awesome, his sets are well-edited, his organization flawless, his appearance always sparkling. Thumbs up for Niles.",False,2004-05-14 20:22:54,4.0,,5.0,False,False,5.0,,,0,0,,174350
131,,5.0,ACM95A,"THIS GUY ROCKS!  He is arguably the best professor at Caltech; compare his successor for ACM 95b, Sterl Phinney.",False,2004-02-05 22:56:04,3.0,,5.0,False,False,5.0,,,0,0,,174350
132,,5.0,ACM95,"Niles does an exemplary job teaching what is traditionally a very hard class. He goes very fast, but has a lot of material to cover so it's understandable. He gives plenty of breaks throughout lecture to make up for it though, and keeps the class lively.",False,2003-12-27 02:11:30,5.0,,5.0,False,False,5.0,,,0,0,,174350
133,,5.0,ACM95,Just like his style~~,False,2003-10-20 20:19:13,3.0,,5.0,False,False,5.0,,,0,0,,174350
134,,5.0,ACM116,"Many notes in lecture, but explains thoroughly.",False,2003-03-28 07:50:57,4.0,,4.0,False,False,5.0,,,0,0,,174350
135,non mandatory,3.0,EE113,"Glen is a responsible professor and easy going person, but his lecture is always vague and expect you to learn 90% of the things by online recording and by yourself. Lots of homework. In terms of teaching quality, he is an OK professor, but not the best for sure compared to those highly-rated professors in other public universities.",False,2024-11-04 20:19:11,5.0,,3.0,True,False,3.0,Get ready to read--Participation matters--EXTRA CREDIT,-1.0,0,0,,174351
136,non mandatory,4.0,EE51,"He's an amazing professor who knows his stuff very well, but he will make you work for the grade. Interacts with his students often, and is willing to help out whenever.",False,2016-04-14 21:15:09,4.0,B+,5.0,True,False,5.0,,1.0,0,0,,174351
137,,4.0,EECS51,"I started this class with no knowledge of programming, but Glen Structured the class well enough that i was able to finish the touch assignments on time.  Good Professor, teaches the best classes at Caltech",False,2010-12-28 16:49:26,5.0,,4.0,False,False,4.0,,2.0,0,0,,174351
138,,5.0,EE51,AWESOME,False,2009-08-04 05:49:41,5.0,,5.0,False,False,5.0,,1.0,0,0,,174351
139,,5.0,EE113,"He lectures well, though it is his organization, lecture notes, and his approachability and helpfulness that make him an _amazing_ teacher.",False,2009-06-24 13:33:11,5.0,,5.0,False,False,5.0,,1.0,0,0,,174351
140,Y,4.0,CSEE51,"Very tough class, but he was always there to help and is extremely patient, even with the most incompetent students (like me!)  Lectures were a bit boring and dry, but generally clear and he was very thorough with the material.  One of the best instructors I ever had in EE although I've now moved on to forestry/biogeography.",False,2005-12-04 13:48:29,4.0,Not_Sure_Yet,5.0,False,False,5.0,,,0,0,,174351
141,N,5.0,EE52,No Comments,False,2005-09-10 15:12:06,3.0,A+,5.0,False,False,5.0,,,0,0,,174351
142,,4.0,CS140,"I've been in the software industry for four years now, and the man I can thank most for my success is Glen.",False,2003-05-16 16:14:34,4.0,,5.0,False,False,5.0,,,0,0,,174351
143,,4.0,CS1,Took CS1 in '97.  Made thorough notes and answered questions in class.,False,2003-03-28 07:53:01,2.0,,4.0,False,False,4.0,,,0,0,,174351
144,non mandatory,5.0,PH101,Great Professor and Course. No lecture notes but lectures are really good. Great to talk to and very interesting problems. Definitely would recommend taking this course if you are a physics major.,False,2023-10-21 00:52:08,3.0,A,5.0,True,False,5.0,,-1.0,0,0,1.0,349673
145,,5.0,PH101,"An absolutely incredible mind. Difficult, valuable course.",False,2019-05-29 10:31:55,5.0,,5.0,False,False,5.0,,0.0,0,0,1.0,349673
146,,4.0,PH101,Decent lecturer but if you talk to him it is clear he has a great disdain for you and your non-genius brain -- kind of like your a slimey slug and he needs to get you to go away before you ooze on him.  He doesn't understand how you could not know everything or be as smart of him and so lower level explainations of material are difficult for him.,False,2006-02-21 20:30:14,4.0,,2.0,False,False,3.0,,,0,5,,349673
147,,4.0,ACM95B,Great teacher if you aren't too stupid.,False,2004-12-18 20:16:02,4.0,,5.0,False,False,5.0,,,1,1,,349673
148,,1.0,ACM95B,This class was a painful experience. I think I experienced negative learning.,False,2004-09-04 21:56:10,5.0,,1.0,False,False,1.0,,,0,3,,349673
149,,1.0,ACM95,No Comments,False,2004-06-24 17:20:51,5.0,,1.0,False,False,1.0,,,0,0,,349673
150,,1.0,ACM95B,Footnote on exam: &quot;If you get agreement you can be proud of yourself: in [our textbook] Arken did not get agreement.&quot;  WTF is with the questions that people with doctorates in mathematics cannot do with unlimited time&#63;!,False,2004-03-16 20:47:51,5.0,,1.0,False,False,1.0,,,0,0,,349673
151,,1.0,ACM95B,No Comments,False,2004-02-05 22:45:51,5.0,,1.0,False,False,1.0,,,0,0,,349673
152,,5.0,PH1C,Genius. Enthusiastic. Really cares that we learn how to learn and get excited about science. More like this please.,False,2014-10-12 19:51:32,3.0,,3.0,True,False,4.0,,2.0,0,0,,60323
153,,4.0,PHYS1,"this guy actually sat down with me and went over building a circuit from start to finish, practically soldering the wires for me, which is waaaaayyy more help than i ever got from any other professors",False,2005-12-08 02:15:58,2.0,,5.0,False,False,5.0,,,0,2,,60323
154,,2.0,PH1BC,"Seemed sort of scary to me. Lectures really had nothing to do with clearing up topics from reading or the course. If you weren't a good student it seemed like he didn't want to teach you, that you were a waste of his time.",False,2005-06-01 22:21:35,5.0,,3.0,False,False,3.0,,,1,0,,60323
155,,5.0,PH1BC,No Comments,False,2005-02-13 22:58:06,3.0,,5.0,False,False,5.0,,,0,1,,60323
156,,3.0,PH1BC,He made fun of me. &gt;:o,False,2004-06-04 01:14:40,4.0,,2.0,False,False,3.0,,,0,0,,60323
157,,5.0,PH2AB,Amazing philosophy toward teaching. Concerned with student maturation & learning,False,2002-08-20 15:23:20,4.0,,5.0,False,False,5.0,,,0,1,,60323
158,mandatory,2.0,ASTR101,I went to his office hour and he COULDN'T talk to me!!!,False,2019-06-24 19:23:08,4.0,Rather not say,2.0,True,False,2.0,Hilarious--Lecture heavy,5.0,0,1,0.0,1763797
159,non mandatory,3.0,PHY420,"Dr. Koothrappali is an excellent astrophysicist, but is immature, creepy, and devoid of self esteem. Decent teacher, but a person to avoid. On the bright side, if you want an A-plus then he will just give it to you out of a fear of offending you.",False,2019-06-06 15:13:20,1.0,A+,3.0,True,False,3.0,Caring,0.0,0,0,0.0,1763797
160,,3.0,ASTR101,"Funny and nice guy, easy on the eyes, interesting lectures.",False,2014-09-26 02:16:38,3.0,,4.0,True,False,4.0,,2.0,1,2,,1763797
161,,3.0,ASTR101,"Dr. Koothrappali is adorable. I would take his class again in a heartbeat. He doesn't keep office hours, which is his only downfall. He also taught us some ""Romantic Astronomy"", it was actually kinda hot.",False,2014-09-11 12:22:56,3.0,,3.0,False,False,3.0,,2.0,1,3,,1763797
162,,4.0,ASTR101,"He knows his stuff, lectures quite well, and was always nice to me, but he straight-up refused to answer many of my friends' questions. E.g. he just clammed up and refused to talk. Incidentally, most of these friends to whom he was hostile were women.",False,2013-01-13 02:12:41,4.0,,2.0,False,False,3.0,,3.0,1,8,,1763797
163,,2.0,ASTRO535,Rajesh is a great professor. I totally recommend him. He has a thick accent but its understandable and you just laugh at it all class. Cool guy overall. Helpful.,False,2012-12-02 01:38:37,2.0,,3.0,False,False,3.0,,3.0,1,3,,1763797
164,,5.0,CH1B,"He is NOT boring. He has a wonderful, understated sense of humor and perhaps te ADD people who need loud noises or dramatic intonations to keep them entertained won't appreciate it. A great lecturer as well.",False,2013-06-01 00:29:05,2.0,,5.0,False,False,5.0,,1.0,0,0,,182592
165,,3.0,CHEM,He is boring. Puts me to sleep.,False,2006-01-19 22:33:17,4.0,,2.0,False,False,3.0,,,0,0,,182592
166,,3.0,CHEMISTRY,Boring!,False,2005-08-16 21:59:10,2.0,,5.0,False,False,4.0,,,0,0,,182592
167,,5.0,CH24A,No Comments,False,2003-08-18 06:49:15,1.0,,5.0,False,False,5.0,,,0,0,,182592
168,,2.0,CH24A,"Not the best lecturer, but very helpful and friendly.",False,2003-04-08 01:37:29,3.0,,5.0,False,False,4.0,,,0,0,,182592
169,non mandatory,5.0,SCISOLSYS,I really enjoyed taking this class with Prof. Brown.,False,2015-06-07 08:51:05,2.0,A+,4.0,False,True,5.0,,2.0,0,0,,839369
170,,5.0,SCISOLSYS,"One of the funniest, kindest professors in the world. His online SciSolSys courses on Coursera have taught me and thousands of others so much about the universe. If you have the chance, take his class!",False,2015-04-21 00:31:31,4.0,,5.0,True,True,5.0,,3.0,1,1,,839369
171,N,5.0,SOLARSYSTEM001,Mike Brown offered really in-depth coverage of the topic in this survey course.  He had great lectures (videos) and deep content.  Hard work but worth it!,False,2014-06-08 20:33:08,4.0,Pass,5.0,False,True,5.0,,2.0,0,0,,839369
172,,4.0,GE1,great!!!!,False,2009-12-27 14:36:14,4.0,,5.0,False,False,5.0,,2.0,0,0,,839369
173,,3.0,GE1,"Found the tenth planet. Babbles in lecture. Keeps the class relatively interesting, though.",False,2006-04-28 03:01:36,2.0,,2.0,False,False,3.0,,,2,0,,839369
174,non mandatory,1.0,PH1ATA,"This is for Ph21b. He gave no lectures, all were given by a TA. The course was very unstructured, there were 2 lectures in total and they were really bad. The sets are given with no explanation, no references, didn't teach us anything related to computation. The two lectures were on Fourier transforms.

Would recommend Ph121 instead. ",False,2023-10-21 01:02:00,1.0,A+,1.0,True,False,1.0,,-1.0,0,0,,648329
175,,5.0,PH125,"He's the only prof really cares about teaching and does it well in my physics department (sadly speaking). Very passionate that he can transmit the passion of the subject to you. Even though I'm no longer interested in doing any more physics research, a thought of the qm classes I had from him still warms my heart, and the stuffs about solution of Schodinger equation on H atom is still in my mind.",False,2010-03-24 18:11:24,3.0,,5.0,False,False,5.0,,5.0,0,0,,648329
176,,1.0,PH12B,Horrible,False,2008-02-13 14:37:53,3.0,,1.0,False,False,1.0,,1.0,0,0,,648329
177,Y,4.0,PH1ATA,wont stop talking about gravitational waves and black holes.,False,2005-10-18 23:11:52,3.0,,1.0,False,False,3.0,,,0,0,,648329
178,Y,5.0,PH125,No Comments,False,2005-08-02 19:15:59,4.0,B,4.0,False,False,5.0,,,0,0,,648329
179,mandatory,5.0,PHYS496,Best. teacher ever!,False,2022-10-13 12:17:13,1.0,A+,5.0,True,False,5.0,Participation matters--EXTRA CREDIT--Group projects,3.0,0,0,1.0,1824042
180,,4.0,PHYS496,"A bit of a pushover, but his heart's in the right place. He's always willing to work with you if you need help. Have also seen several students make him cry, so walk on eggshells. And don't read &quot;The Disappointing Child&quot; or you'll never see him the same way again.",False,2020-10-14 18:53:45,3.0,,4.0,True,False,4.0,,5.0,0,0,1.0,1824042
181,mandatory,4.0,PHY666,Leonard is a great guy and brilliant experimental physicist. Just don't talk about Bill Gates (he'll burst into tears),False,2019-06-06 15:17:24,3.0,A,4.0,True,False,4.0,Gives good feedback--Respected--Amazing lectures,0.0,0,0,1.0,1824042
182,,4.0,PHYS496,What a cool Professor!,False,2014-09-26 02:06:17,2.0,,5.0,True,False,5.0,,2.0,0,1,,1824042
183,N,4.0,PHYS496,Lenny's the coolest!! keeps talking about some penny chick and someone annoying named shelly whatsover.,False,2013-08-20 11:55:49,3.0,A+,4.0,False,False,4.0,,1.0,0,5,,1824042
184,N,3.0,IST4,"Pretty ridiculous class. Gave extra credit for ""essays"" about your friends.  Uses smiley faces as variables. Interesting material; poor delivery. But a really nice guy...",False,2013-10-10 14:35:52,1.0,A+,3.0,False,False,3.0,,3.0,0,0,,310289
185,,1.0,IST41,"His class is pretty useless. He gets up there and gives absurd presentations involving smiley faces, and then has sets on unrelated material.",False,2013-02-12 05:43:53,1.0,,1.0,False,False,1.0,,1.0,0,0,,310289
186,,5.0,IST004,Cool dude!,False,2011-09-07 06:38:01,2.0,,5.0,False,False,5.0,,1.0,1,0,,310289
187,,5.0,CNS188A,"This guy is awesome!, Nice guy, funny, down to earth, and is really into being a good teacher, (which he is).  The class was nuts hard but this guy made it bareable and very very interesting.",False,2007-04-18 00:24:33,5.0,,5.0,False,False,5.0,,1.0,0,0,,310289
188,,5.0,COMPSCI1,No Comments,False,2003-12-04 21:40:30,3.0,,5.0,False,False,5.0,,,0,0,,310289
189,non mandatory,5.0,CHE169,Dr. Shirani is very helpful. If you can't find him during his office hours look for him in the cafeteria. He doesn't judge you when you give your opinion. Thank you Mr. Ice!,False,2015-06-26 04:45:01,1.0,A+,5.0,True,False,5.0,,3.0,0,0,,1695459
190,,3.0,CHE169,"At first he seems very tough, but deep down he is a softy.  Dr. Shirani brings laughter in a place that greatly needs it.    Class isn't over yet but I know I will be ending it with an A.  Just show up to class on time, prepared, and share your notes. ",False,2014-10-05 18:47:31,1.0,,5.0,True,False,4.0,,3.0,0,2,,1695459
191,,3.0,CHE169,Professor Shirani is awesome! I would strongly recommend his class.  The best part of the class is when you go to the Griffith Observatory over a week's time frame.,False,2012-12-18 15:19:26,1.0,,5.0,False,False,4.0,,1.0,0,1,,1695459
192,,5.0,CHE169,HE GETS YOU INVOLVED WITH EVERYTHING AND YOU WILL HAVE A GREAT TIME TOO. EVERYDAY ITS SOMETHING NEW. HE GIVES OUT EASY QUIZZES LIKE WHAT'S YOUR NAME? WHY ARE YOU HERE? WILL THE CLASS BE WILLING TO DRIVE BY PCC AND LAUGH AT THE STUDENTS LOL? YOU WILL NEED TO YOUR MATH IF NOT HE WILL MAKE YOU LEAVE,False,2012-04-24 13:19:13,2.0,,5.0,False,False,5.0,,3.0,1,0,,1695459
193,,4.0,CHE169,"HE IS HELLA EASY AND WORKS WITH YOU BETTER THAN EVERYONE ELSE THERE.  HE WONT GIVE UP ON YOU, AND IF YOU HAVE ANY DOUBTS OR QUESTIONS.  IF YOU DONT SHOW UP FOR CLASS HE DOES NOT CARE AND WILL NOT GIVE YOU ANY EXTRA CREDIT. IF YOU SHOW UP EVERYDAY DAY YOU WILL END UP WITH AT LEAST AN B",False,2012-02-22 15:44:41,2.0,,5.0,False,False,5.0,,1.0,0,1,,1695459
194,,2.0,SOC12,"dull, dull, dull.Outdated ideas. A waste of time and tuition.",False,2010-03-23 14:43:07,1.0,,1.0,False,False,2.0,,2.0,0,0,,427054
195,,3.0,EC11,"He is a so-so professor; attending class, though not mandatory, is highly recommended, seeing as the homework assignments pretty much require knowledge from the lectures. You should be able to get an A if you put in the required amount of time to thoroughly complete the problem sets. Recitations + office hours are extremely helpful.",False,2008-09-29 22:57:44,2.0,,2.0,False,False,3.0,,2.0,0,0,,427054
196,,4.0,EC11,"zzzz... boring lecturer but gets the material through when I'm not fast asleep.  Lots of smaller homework sets, which is nice in that there's less pressure, but also very annoying, especially for a non-science/engineering class.  Almost impossible to get a bad grade with this guy if you even try.  Take lots of caffeine for this class!",False,2005-12-04 13:56:09,1.0,,2.0,False,False,3.0,,,1,0,,427054
197,,3.0,EC11,"Decent enough prof. Problem sets every week sucks for a social science course, but they're really easy. Clear lectures that are on the boring side, but watch out for those diagrams the last few weeks of the class...very confusing...",False,2004-09-06 00:36:16,3.0,,4.0,False,False,4.0,,,0,0,,427054
198,,1.0,EC11,No Comments,False,2004-06-24 17:21:50,3.0,,2.0,False,False,2.0,,,0,0,,427054
199,,5.0,CNS120,"Awesome professor; interesting and interested in his work. Class was structured well, though the material was scattered.",False,2009-10-25 04:33:21,2.0,,5.0,False,False,5.0,,5.0,0,0,,429644
200,,3.0,CONSCIOUSNESS,"If you spend time with him, he has a lot to say.  He's a good synthesizer, a thinker of big ideas.  The whole course was sort of disorganized, and we went on a lot of tangents, but if you take a course on Conciousness, what do you expect&#63;  The whole field has lots of iffy research.",False,2005-11-17 16:08:46,2.0,,4.0,False,False,4.0,,,0,0,,429644
201,,5.0,QUANTUMPHYSICS,No Comments,False,2005-10-21 20:19:05,5.0,,4.0,False,False,5.0,,,0,0,,429644
202,,1.0,NEUROSCIEN,"Unavailable, unhelpful, mostly interested in seeing his name in the news and staking a place in the history of science.  On an ego trip.",False,2004-07-08 15:27:38,4.0,,1.0,False,False,1.0,,,0,1,,429644
203,,4.0,NEUROSCIEN,"Terrible teacher, disorganized, egotistical grandstanding nutcase.  Never available to students, teaching seems low priority compared to publicity seeking.",False,2004-07-02 13:00:49,4.0,,5.0,False,False,5.0,,,0,0,,429644
204,,4.0,CLA31A,I got an A for my fried beef with pepper garlic. A highly recommended course.,False,2011-12-07 18:18:45,2.0,,4.0,False,False,4.0,,4.0,0,0,,910474
205,,5.0,ACT303,"I HIGHLY recommend taking Professor Chambers class. IF you want an A, enroll in Chambers class. He is the most radical teacher and he is a STUD Muffin. Let me write that again, A STUD MUFFIN!!!! His brain is like a calculator. I couldn't believe some of the formulas he could solve in his head. It's outrageous with a capital O. Take Chambers!!!!",False,2007-05-15 20:03:49,2.0,,5.0,False,False,5.0,,5.0,0,0,,910474
206,,5.0,AAABB,"Okay so Im not exactly cal-tech material, but man Chambers knows his stuff, plus his assignments are easy with a capital E. Good teacher=Chris Chambers!",False,2007-02-26 22:34:49,1.0,,5.0,False,False,5.0,,4.0,0,0,,910474
207,,5.0,CULIN200,"Best class ever, I really enjoyed the example with the monkeys. Seriously somebody give this guy a teaching award. If you want an A take this class.",False,2006-11-03 22:12:00,1.0,,5.0,False,False,5.0,,5.0,0,0,,910474
208,non mandatory,4.0,MA1A,"Brilliant Prof, but lectures were filled with mistakes. Homework was good for learning!",False,2023-10-21 01:07:07,3.0,A,4.0,True,False,4.0,,3.0,0,0,1.0,1970873
209,non mandatory,5.0,MA2,Best member of the Caltech math faculty.,False,2018-02-21 20:35:38,3.0,B+,5.0,True,False,5.0,Inspirational--Hilarious--Amazing lectures,0.0,0,0,1.0,1970873
210,non mandatory,5.0,MA1A,"Awkard yet really enthusiastic prof :) A little too fast at explaining, but he put together the best lecture notes for the class",False,2017-08-17 23:46:10,5.0,A+,5.0,True,False,5.0,ACCESSIBLE OUTSIDE CLASS,5.0,1,1,1.0,1970873
211,mandatory,5.0,MA1A,The best professor I've ever had.,False,2015-09-07 06:30:28,1.0,,5.0,True,False,5.0,,5.0,1,1,,1970873
212,non mandatory,5.0,CHE165,"From his class, you can learn not only thermodynamics but also how to effectively teach thermodynamics. I want all thermos instructors in the world to take his lecture and to find out what's wrong with theirs.",False,2017-10-03 02:51:52,3.0,,5.0,True,False,5.0,Gives good feedback--Inspirational--Amazing lectures,5.0,0,0,1.0,260490
213,,5.0,CHE164,"Prof. Wang is the essence of understanding and clarity.  If you don't enjoy him as an instructor, you don't enjoy being a student (so get out of grad school).",False,2006-07-11 18:23:54,4.0,,5.0,False,False,5.0,,,0,2,,260490
214,,4.0,STATMECH,He gets really angry if you can't answer his questions.,False,2004-12-02 22:53:38,5.0,,5.0,False,False,5.0,,,2,1,,260490
215,,3.0,CHE165,"Zhen-Gang is a machine. Didn't make a single mistake all term. Made us all feel dumb. Prof. Wang, although we aspire to, we can't all be as smart as you!",False,2003-10-13 12:05:11,5.0,,3.0,False,False,3.0,,,0,2,,260490
216,,3.0,ENGR101,"Howard Wolowitz class is difficult no doubt; He definently knows his stuff about building spacecraft given he was an astronaut. His class is definitely a cakewalk compared to Dr. Sheldon Cooper's Physics class, and test averages are 60 percent. However, if you're a guy, I wouldn't recommend it because he prefers women.",False,2018-06-01 19:22:56,3.0,C,3.0,True,False,3.0,Respected--Inspirational--GRADED BY FEW THINGS,5.0,0,0,0.0,1763822
217,N,5.0,PH1,"Classes are very easy actually. I mean, he's only an engineer. He is not too available outside of class because he works full time at JPL also. Overall, you can totally pass his class with elementary school level physics knowledge.",False,2014-05-07 16:28:48,1.0,A+,4.0,False,False,5.0,,4.0,0,4,,1763822
218,Y,3.0,AE101,I had to work my behind off just to get a B-! All the girls in the class got an A+ without even trying! He asked out every girl in the class and was turned down at least five times each! All he talked about was some toilet on the Russian space station!,False,2013-08-23 15:57:02,2.0,B-,5.0,False,False,4.0,,2.0,1,11,,1763822
219,non mandatory,2.0,CH242,"I took his class 3 years ago. Brian has a bunch of good materials that helps me a lot. However, what is the point of having handouts and going to the class and writing down things on the handouts onto the board? That is what I call laziness. He has been using the same handouts for decades. Terrible. I also hate writing proposals and get no feedback",False,2019-05-31 02:17:25,3.0,A,2.0,True,False,2.0,,0.0,1,0,0.0,628171
220,,5.0,CH242,"Lots of material, large problem sets, 15 page exams.  All that aside I learned a ton in this class.  Brian is fair and cares about his students.  Lecture material is good I've kept my notebooks as reference material.  Take this class if you really like o-chem!",False,2006-01-25 03:34:18,5.0,,5.0,False,False,5.0,,,1,1,,628171
221,,5.0,CH41C,"Awesome professor. His lectures were clear and the quizzes actually had some relevance to what material was being taught, so there were no surprises. Def. recommend taking the course",False,2005-06-01 22:23:34,2.0,,5.0,False,False,5.0,,,1,1,,628171
222,non mandatory,5.0,EE20,hes cool,False,2022-11-27 18:33:23,1.0,Rather not say,5.0,True,False,5.0,Inspirational--Hilarious--Caring,-1.0,0,0,1.0,1037474
223,N,1.0,EE045,"I don't think he realizes that no one understands what he's saying. In addition, any attempts for clarification are met with condescending responses. Overall poor teaching in a school typically filled with top notch professors.",False,2014-02-11 14:04:47,4.0,Not_Sure_Yet,1.0,False,False,1.0,,2.0,0,1,,1037474
224,,1.0,EE20,"He is a gigantic ****bag.  Pure arrogance.  He is possibly the most imbalanced, overconfident, self-absorbed piece of**** I have ever had the displeasure of meeting.  He has no interest in actually helping you.  Any lesson plan is there to give himself a pat on the back at how good a teacher he is.  Please let god smite him NOW.",False,2007-10-12 02:14:11,4.0,,1.0,False,False,1.0,,4.0,0,1,,1037474
225,non mandatory,3.0,HUM1,"Dominic Murphy, formerly at California, is based at Sydney Uni since 2008. He seems to be knowledgeable about his topic but can be mean at times to students. He lacks understanding of student psychology and lacks dressing etiquette.  ",False,2014-12-11 13:54:48,5.0,Rather not say,1.0,False,False,2.0,,5.0,2,0,,628168
226,,4.0,PL103,"Took an upper level philosophy class from him that was fascinating. He was clealry frustrated by the lack of class participation (in a six person class) and seemed mean as a result. However, he really knows his stuff and is actually helpful if you are willing to put in the effort.",False,2006-10-06 04:01:45,4.0,,3.0,False,False,4.0,,4.0,0,0,,628168
227,,1.0,HUM9,"Really mean to students if he doesn't like you. Tough reading for an intro course. Lectures are convoluded. Scary, so he creates a bad atmosphere.",False,2005-06-01 22:19:16,4.0,A,1.0,False,False,1.0,,,1,0,,628168
228,,5.0,ACM116,"Super nice, helpful and smart prof.",False,2012-03-19 15:06:52,1.0,,5.0,False,False,5.0,,4.0,0,0,,592357
229,,5.0,STATS6969,Kathryn is SOOOOOO hot!  She's also pretty good at that 'splaining stuff that she does.  But mostly she's just damn hot.,False,2008-03-17 19:41:47,3.0,,5.0,False,False,5.0,,3.0,3,0,,592357
230,,5.0,ACM116,No Comments,False,2005-04-06 19:02:28,3.0,,5.0,False,False,5.0,,,0,0,,592357
231,mandatory,5.0,AY12,Great professor! Power points were really long but he made it interesting!,False,2020-08-24 19:29:06,3.0,A,5.0,True,False,5.0,Gives good feedback--Accessible outside class--Amazing lectures,0.0,0,0,1.0,1164123
232,,5.0,AY1001X,very good teacher for online course explains clearly would reccomend,False,2016-11-01 11:36:15,4.0,,5.0,False,True,5.0,Gives good feedback--Respected--Inspirational,0.0,0,2,1.0,1164123
233,,5.0,AY12,Djorgovski's informative lecture notes put a heavy emphasis on the experimental methods and data of cosmology. Quiz questions are carefully selected to put your grasp of the basics through its paces. He participates in the course forums regularly. Great class.,False,2015-01-26 16:35:44,3.0,,5.0,False,True,5.0,,3.0,3,3,,1164123
234,N,4.0,PHYSICS,cool but out there. Dropped the next class I was going to take because he went to live with monks or something.,False,2014-08-05 13:51:22,4.0,B-,4.0,False,False,4.0,,2.0,0,0,,756603
235,,5.0,PHY410,"What an amazing guy.  I only have two criticisms: first, he's a bit hard to track down, and second, he's a fictional character in a T.V. show about math and crime.  Do the math, it's a crime to hire a fictional character at M.I.T. too!",False,2008-09-09 02:58:26,4.0,,5.0,False,False,5.0,,1.0,0,0,,756603
236,,3.0,PHYSICS105,"A little odd, but he means well--I think.  Good lecturer, but has a tendency to go off on random tangents.",False,2005-11-14 21:03:53,3.0,,4.0,False,False,4.0,,,0,0,,756603
237,,4.0,CLASSSECT,No Comments,False,2009-07-20 12:08:08,3.0,,2.0,False,False,3.0,,3.0,0,0,,634591
238,,5.0,YES,One of the founding fathers of Drosophila genetics.  This guy rocks.,False,2005-06-21 13:46:51,3.0,,5.0,False,False,5.0,,,0,0,,634591
239,,4.0,CHEM102,No Comments,False,2006-12-06 00:09:07,5.0,,3.0,False,False,4.0,,5.0,0,0,,714698
240,,1.0,CH102,Had no clue what was going on.,False,2006-01-19 21:17:53,2.0,,1.0,False,False,1.0,,,0,0,,714698
241,,5.0,CNS150,"One of the best teachers I've had the pleasure of learning from. Her lectures are nothing short of spectacular, as you can tell she is very passionate about the subject. She is not only committed to helping every single one of her students, but more importantly, she wants each and every one to be happy. Truly inspiring.",False,2023-07-04 04:39:24,4.0,A,5.0,False,False,5.0,Participation matters--Amazing lectures --Caring,3.0,0,0,1.0,2597154
242,mandatory,5.0,NRB420,"Dr. Farrah Fowler is a great neurobiologist and teaches phenomenally well. She is a Nobel Laureate. She is eccentric, but she deals with her husband on a daily basis and grew up with her parents, so it's hard to get on her bad side. Her expectations are firm but predictable. Her wealth of knowledge of neurobiology makes the class well worth taking.",False,2020-05-12 03:07:30,3.0,A-,5.0,True,False,5.0,Respected--Participation matters--Caring,0.0,0,1,1.0,2597154
243,non mandatory,4.0,BI110,"Prof. Reinholtz was so fun to have!!!  If you get the chance, take your bio pre-reqs with her, you will not regret it. Tests come directly from the notes, and projects were actually enjoyable. ",False,2022-05-06 04:50:24,2.0,A+,4.0,True,False,4.0,Clear grading criteria--Gives good feedback--Inspirational,-1.0,0,0,1.0,2787338
244,non mandatory,5.0,BI110,Shes really approachable outside of lecture and makes the material incredibly easy to understand.,False,2022-04-12 14:54:14,1.0,A,5.0,True,False,5.0,Gives good feedback--Accessible outside class--Inspirational,0.0,0,0,1.0,2787338
245,,5.0,AE104,awesome!,False,2008-10-25 00:05:01,3.0,,5.0,False,False,5.0,,1.0,2,0,,820278
246,,2.0,AE104,No Comments,False,2008-04-30 11:41:18,5.0,,1.0,False,False,2.0,,1.0,2,1,,820278
247,non mandatory,5.0,EE124,The best,False,2024-05-09 22:07:00,4.0,A+,5.0,True,False,5.0,Clear grading criteria--Gives good feedback--Inspirational,-1.0,0,0,1.0,1690414
248,non mandatory,1.0,EE124,"She is smart but does not have morality. She is never prepared for the class as you would expect from a normal instructor. Most of the time, she has forgot the details of the material she is teaching. When asked a question, she tries to blame you for not knowing and asking!!! Very unprofessional.",False,2020-05-01 05:58:09,3.0,A+,1.0,True,False,1.0,,0.0,0,0,0.0,1690414
249,,5.0,CH125C,"Quantum scattering theory is supposed to be difficult to understand... but not when Aron Kuppermann is your instructor! The best quantum mechanics professor that I've ever had. RIP Dr. Kuppermann, now everyone up in the sky will understand what a scattering matrix is.",False,2012-02-22 02:46:37,3.0,,5.0,False,False,5.0,,3.0,0,0,,772422
250,,5.0,CH125A,"Excellent lecturer, very clear. Makes quantum mechanics easy! Should be a 12-15 unit class, considering how many lectures run over time.",False,2005-12-06 11:03:27,3.0,,4.0,False,False,5.0,,,0,0,,772422
251,,4.0,PH106,Cross was great!  Teaches a nice blend of upper and intro level material.  Made for a fun year.,False,2011-09-17 01:13:49,4.0,,4.0,False,False,4.0,,4.0,0,0,,923459
252,,3.0,PHYS136A,"very dry, uninteresting and unhelpful lecture",False,2006-11-22 14:31:33,4.0,,2.0,False,False,3.0,,2.0,0,0,,923459
253,mandatory,5.0,CS121,She is a bo$$,False,2018-07-17 17:07:07,3.0,A+,5.0,True,True,5.0,Respected--Inspirational--Hilarious,0.0,0,3,1.0,2207089
254,mandatory,5.0,CTA101,I love her!!!,False,2016-12-10 10:49:14,3.0,A,5.0,True,False,5.0,Gives good feedback--Respected--Hilarious,5.0,0,2,1.0,2207089
255,mandatory,2.0,CHM163,I learned more from a community college than I did with her,False,2019-11-16 04:57:48,5.0,A+,2.0,True,False,2.0,Tough grader,5.0,0,0,0.0,14618
256,Y,3.0,CHE163,Have taken and TA'd this class.  Frances takes no mercy.  You are either on-board from the beginning or you are gone.,False,2005-10-27 02:02:01,4.0,B,2.0,False,False,3.0,,,0,0,,14618
257,Y,2.0,MU140,Unclear expectations.  Bad attitude.,False,2013-10-10 14:39:50,3.0,A,2.0,False,False,2.0,,3.0,0,0,,1548373
258,,2.0,MU140,"Unclear about dates and expectations.   Knowledgeable and a good lecturer, but seemed p.o.-ed about a third of the time though.  Otherwise a good class/teacher.  Expect a bit of reading if it's one of his history courses.",False,2011-03-11 21:58:51,3.0,,3.0,False,False,3.0,,2.0,0,0,,1548373
259,,5.0,CS2,I looooved this class.  The sets were fun and the lectures were extremely understandable.  Maybe that's because it was so easy though.,False,2012-03-07 01:12:22,1.0,,4.0,False,False,5.0,,1.0,0,0,,811928
260,,4.0,CG,No Comments,False,2006-02-17 01:20:43,4.0,,5.0,False,False,5.0,,,0,0,,811928
261,non mandatory,4.0,GAMETHEORY101,"Don't expect help outside of class from Eppes-very unreachable, inconsistent with his office hours, etc. You should still take him though- lectures are amazing, and he's great at coming up with metaphors to increase your understanding of the concepts he explains in class. Also had to cancel class 5 times over the semester due to ""personal business""",False,2017-05-07 23:24:03,3.0,,4.0,True,False,4.0,Tough Grader--Respected--Amazing lectures,5.0,0,0,1.0,1992069
262,,4.0,GAMETHEORY,"Don't skip class, you'll fail, unless you already know everything about game theory. It is an undergraduate course, but it's like a graduate course. Read the book before class, you read to get a preliminary understanding of the day's topic, then he clarifies it in class. Only got through half of the syllabus though, he consults for the FBI a lot.",False,2015-03-18 20:43:30,5.0,,3.0,True,True,4.0,,4.0,0,3,,1992069
263,non mandatory,5.0,MA001,"For Math5a. Great lecturer, great course.",False,2023-10-21 01:04:59,3.0,A-,5.0,True,False,5.0,,3.0,0,0,1.0,1681245
264,N,4.0,MA001,"Professor Mantovan gave a helpful and clear introduction to linear algebra. I didn't pick up on all points the first time around, but she was open to taking student's questions and chose examples that demonstrated the material well. Overall Prof. Mantovan did a good job of giving students a practically focused introduction to matrix algebra.",False,2014-09-02 11:26:00,4.0,Pass,4.0,True,True,4.0,,3.0,0,0,,1681245
265,mandatory,5.0,PH2A,Great professor!,False,2016-03-31 16:29:18,1.0,,5.0,True,True,5.0,,4.0,0,2,,1661728
266,,5.0,PHYS,One of the best I've ever had (1972).,False,2004-04-14 21:21:27,5.0,,5.0,False,False,5.0,,,0,0,,1661728
267,mandatory,1.0,CH1B,I'm not sure how the homework related to the course topics. Much preferred Prof Miller's section of the course to this one since he was a clearer lecturer.,False,2016-04-09 15:43:54,3.0,Rather not say,1.0,True,False,1.0,,4.0,3,1,,2110831
268,,3.0,TECH1,Great!,False,2012-06-05 15:10:51,3.0,,3.0,False,False,3.0,,3.0,0,1,,1000199
269,Y,5.0,L106,?????? ?? Seriously one the best classes I've ever taken.,False,2013-12-05 04:01:32,1.0,A,5.0,False,False,5.0,,4.0,0,1,,1546077
270,mandatory,5.0,BI10,Very good and easy to understand.,False,2020-06-09 03:58:01,3.0,,5.0,True,False,5.0,,5.0,0,0,1.0,2604719
271,,2.0,ICPW00,Avoid if at all possible. Unless you don't care about what you are learning.,False,2010-11-12 18:50:32,1.0,,2.0,False,False,2.0,,1.0,0,0,,1495019
272,,5.0,PL151,"Not many people can talk for three hours and still keep me awake, but Manning was one of them.  He spoke with great clarity and made Kant's ideas almost straightforward.  He is a hard grader (and said so on the first day of class), so I think most people took his class pass fail.",False,2011-08-26 04:18:36,4.0,,5.0,False,False,5.0,,4.0,0,0,,1612850
273,,5.0,PHY130,Awesome!,False,2012-03-06 00:19:27,3.0,,4.0,False,False,5.0,,3.0,0,0,,1698269
274,non mandatory,1.0,PH2A,It wasn't easy to re reach her. Her homework was recycled from someone else's lecture.,False,2019-02-04 23:10:56,2.0,,1.0,True,True,1.0,,0.0,0,1,0.0,2161521
275,,3.0,MS162,Enthusiasm is unparalleled.,False,2011-05-03 09:24:10,3.0,,4.0,False,False,4.0,,1.0,0,1,,1572840
276,,5.0,CHEM200,He is a real scientist with a sense of humor. He is a very educated Egyptian man that respects others hard class but you learn a lot,False,2014-09-16 03:42:03,1.0,,5.0,False,False,5.0,,5.0,0,6,,1579435
277,mandatory,5.0,CMS144,Great Prof. :),False,2018-05-25 19:50:42,3.0,,5.0,True,False,5.0,,0.0,0,0,1.0,2129710
278,,5.0,ALLALL,Best teacher ever,False,2012-04-12 10:54:22,3.0,,5.0,False,False,5.0,,3.0,0,2,,1165454
279,non mandatory,5.0,AN23,Used PowerPoint effectively.  Assignments were short papers due every week and they could be fun.   This was required course and though many people didn't come to class it made more sense if you did.,False,2016-01-30 12:58:56,3.0,A-,5.0,True,False,5.0,,1.0,0,0,,2107048
280,,3.0,GE179,Strict like hell this guy has zero time for student questions or discussion. He is very catty and talks about other students personalities inappropriately. Everyone is beneath him even if they really aren't.,False,2012-10-02 21:26:56,5.0,,1.0,False,False,2.0,,2.0,0,1,,1751338
281,,5.0,MATWO9,"Makarov is so nice. He really loves the subject, and, although I do not share that love for math, it makes the class much more interesting and enjoyable.",False,2012-03-07 01:20:38,1.0,,5.0,False,False,5.0,,3.0,1,0,,1621587
282,,1.0,MENG342,"Dr. Kripke's speech in indecipherable. Better skip class, hit the textbook, and hope for the best.",False,2014-12-19 01:19:12,3.0,,3.0,True,False,2.0,,5.0,0,4,,1927545
283,mandatory,3.0,CDS233,"Pretty good lecturer, but skipped over major topics in nonlinear control (trajectory optimization, MPC) in favor of teaching his research, Control Barrier Functions. Was mostly unavailable outside of class for questions, but the TAs were fantastic. Problems sets and tests were taken from a book he was writing, and sometimes had errors.",False,2023-12-11 20:12:16,2.0,A+,3.0,True,False,3.0,,-1.0,0,0,1.0,2964814
284,non mandatory,5.0,PH1A,His demonstrations are the bomb dot com,False,2015-10-20 17:25:44,2.0,Not sure yet,5.0,True,False,5.0,,1.0,0,0,,2050518
285,non mandatory,5.0,APH190,So helpful!,False,2019-01-14 05:07:49,4.0,A,5.0,True,False,5.0,Tough Grader--Gives good feedback--Hilarious,0.0,0,1,1.0,2451917
286,mandatory,5.0,ECON699,"I love her, best prof ever.",False,2019-03-16 20:36:41,5.0,A,5.0,True,True,5.0,Gives good feedback--Inspirational--Amazing lectures,5.0,1,0,1.0,2122564
